CREATE DATABASE  IF NOT EXISTS `movies_system` /*!40100 DEFAULT CHARACTER SET utf8 COLLATE utf8_unicode_ci */ /*!80016 DEFAULT ENCRYPTION='N' */;
USE `movies_system`;
-- MySQL dump 10.13  Distrib 8.0.17, for macos10.14 (x86_64)
--
-- Host: 127.0.0.1    Database: movies_system
-- ------------------------------------------------------
-- Server version	8.0.20

/*!40101 SET @OLD_CHARACTER_SET_CLIENT=@@CHARACTER_SET_CLIENT */;
/*!40101 SET @OLD_CHARACTER_SET_RESULTS=@@CHARACTER_SET_RESULTS */;
/*!40101 SET @OLD_COLLATION_CONNECTION=@@COLLATION_CONNECTION */;
/*!50503 SET NAMES utf8 */;
/*!40103 SET @OLD_TIME_ZONE=@@TIME_ZONE */;
/*!40103 SET TIME_ZONE='+00:00' */;
/*!40014 SET @OLD_UNIQUE_CHECKS=@@UNIQUE_CHECKS, UNIQUE_CHECKS=0 */;
/*!40014 SET @OLD_FOREIGN_KEY_CHECKS=@@FOREIGN_KEY_CHECKS, FOREIGN_KEY_CHECKS=0 */;
/*!40101 SET @OLD_SQL_MODE=@@SQL_MODE, SQL_MODE='NO_AUTO_VALUE_ON_ZERO' */;
/*!40111 SET @OLD_SQL_NOTES=@@SQL_NOTES, SQL_NOTES=0 */;

--
-- Table structure for table `Categories`
--

DROP TABLE IF EXISTS `Categories`;
/*!40101 SET @saved_cs_client     = @@character_set_client */;
/*!50503 SET character_set_client = utf8mb4 */;
CREATE TABLE `Categories` (
  `id` int NOT NULL AUTO_INCREMENT,
  `name` varchar(120) COLLATE utf8_unicode_ci NOT NULL,
  PRIMARY KEY (`id`)
) ENGINE=InnoDB AUTO_INCREMENT=6 DEFAULT CHARSET=utf8 COLLATE=utf8_unicode_ci;
/*!40101 SET character_set_client = @saved_cs_client */;

--
-- Dumping data for table `Categories`
--

LOCK TABLES `Categories` WRITE;
/*!40000 ALTER TABLE `Categories` DISABLE KEYS */;
INSERT INTO `Categories` VALUES (1,'Horror'),(2,'Sci-Fi'),(3,'Drama'),(4,'Comedy'),(5,'Documental');
/*!40000 ALTER TABLE `Categories` ENABLE KEYS */;
UNLOCK TABLES;

--
-- Table structure for table `Likes`
--

DROP TABLE IF EXISTS `Likes`;
/*!40101 SET @saved_cs_client     = @@character_set_client */;
/*!50503 SET character_set_client = utf8mb4 */;
CREATE TABLE `Likes` (
  `id` int NOT NULL AUTO_INCREMENT,
  `id_user` int NOT NULL,
  `id_movie` int NOT NULL,
  PRIMARY KEY (`id`),
  KEY `id_user` (`id_user`),
  KEY `id_movie` (`id_movie`),
  CONSTRAINT `likes_ibfk_1` FOREIGN KEY (`id_user`) REFERENCES `Users` (`id`),
  CONSTRAINT `likes_ibfk_2` FOREIGN KEY (`id_movie`) REFERENCES `Movies` (`id`)
) ENGINE=InnoDB AUTO_INCREMENT=11 DEFAULT CHARSET=utf8 COLLATE=utf8_unicode_ci;
/*!40101 SET character_set_client = @saved_cs_client */;

--
-- Dumping data for table `Likes`
--

LOCK TABLES `Likes` WRITE;
/*!40000 ALTER TABLE `Likes` DISABLE KEYS */;
INSERT INTO `Likes` VALUES (7,1,8),(8,1,4),(10,1,2);
/*!40000 ALTER TABLE `Likes` ENABLE KEYS */;
UNLOCK TABLES;

--
-- Table structure for table `Movies`
--

DROP TABLE IF EXISTS `Movies`;
/*!40101 SET @saved_cs_client     = @@character_set_client */;
/*!50503 SET character_set_client = utf8mb4 */;
CREATE TABLE `Movies` (
  `id` int NOT NULL AUTO_INCREMENT,
  `id_category` int NOT NULL,
  `name` varchar(120) COLLATE utf8_unicode_ci NOT NULL,
  `release_year` int NOT NULL,
  `cover_photo` varchar(500) COLLATE utf8_unicode_ci NOT NULL,
  PRIMARY KEY (`id`),
  KEY `id_category` (`id_category`),
  CONSTRAINT `movies_ibfk_1` FOREIGN KEY (`id_category`) REFERENCES `Categories` (`id`)
) ENGINE=InnoDB AUTO_INCREMENT=9 DEFAULT CHARSET=utf8 COLLATE=utf8_unicode_ci;
/*!40101 SET character_set_client = @saved_cs_client */;

--
-- Dumping data for table `Movies`
--

LOCK TABLES `Movies` WRITE;
/*!40000 ALTER TABLE `Movies` DISABLE KEYS */;
INSERT INTO `Movies` VALUES (2,1,'A quiet Place',2018,'url'),(3,1,'A quiet Place',2018,'url'),(4,1,'A quiet Place',2018,'url'),(5,1,'A quiet Place',2018,'url'),(6,1,'A quiet Place',2018,'url'),(7,1,'A quiet Place',2018,'url'),(8,2,'Star trek',2018,'url');
/*!40000 ALTER TABLE `Movies` ENABLE KEYS */;
UNLOCK TABLES;

--
-- Table structure for table `Users`
--

DROP TABLE IF EXISTS `Users`;
/*!40101 SET @saved_cs_client     = @@character_set_client */;
/*!50503 SET character_set_client = utf8mb4 */;
CREATE TABLE `Users` (
  `id` int NOT NULL AUTO_INCREMENT,
  `name` varchar(120) COLLATE utf8_unicode_ci NOT NULL,
  `username` varchar(64) COLLATE utf8_unicode_ci NOT NULL,
  `passwd` varchar(500) COLLATE utf8_unicode_ci NOT NULL,
  `type` char(1) COLLATE utf8_unicode_ci NOT NULL,
  PRIMARY KEY (`id`)
) ENGINE=InnoDB AUTO_INCREMENT=4 DEFAULT CHARSET=utf8 COLLATE=utf8_unicode_ci;
/*!40101 SET character_set_client = @saved_cs_client */;

--
-- Dumping data for table `Users`
--

LOCK TABLES `Users` WRITE;
/*!40000 ALTER TABLE `Users` DISABLE KEYS */;
INSERT INTO `Users` VALUES (1,'Angel Caceres','caceres97','123','1'),(2,'Angel Caceres','caceres97','123','1'),(3,'Angel Caceres','caceres97','123','1');
/*!40000 ALTER TABLE `Users` ENABLE KEYS */;
UNLOCK TABLES;
/*!40103 SET TIME_ZONE=@OLD_TIME_ZONE */;

/*!40101 SET SQL_MODE=@OLD_SQL_MODE */;
/*!40014 SET FOREIGN_KEY_CHECKS=@OLD_FOREIGN_KEY_CHECKS */;
/*!40014 SET UNIQUE_CHECKS=@OLD_UNIQUE_CHECKS */;
/*!40101 SET CHARACTER_SET_CLIENT=@OLD_CHARACTER_SET_CLIENT */;
/*!40101 SET CHARACTER_SET_RESULTS=@OLD_CHARACTER_SET_RESULTS */;
/*!40101 SET COLLATION_CONNECTION=@OLD_COLLATION_CONNECTION */;
/*!40111 SET SQL_NOTES=@OLD_SQL_NOTES */;

-- Dump completed on 2021-05-18  7:47:27
